<FontConv>
  <Filename>C:\Users\Andy\source\stm32plus\utils\fonts\kyrou_9\Kyrou 9 Regular.ttf</Filename>
  <Size>8</Size>
  <XOffset>0</XOffset>
  <YOffset>-3</YOffset>
  <ExtraLines>4</ExtraLines>
  <CharSpace>0</CharSpace>
  <Chars>
    <Char>32</Char>
    <Char>33</Char>
    <Char>34</Char>
    <Char>35</Char>
    <Char>36</Char>
    <Char>37</Char>
    <Char>38</Char>
    <Char>39</Char>
    <Char>40</Char>
    <Char>41</Char>
    <Char>42</Char>
    <Char>43</Char>
    <Char>44</Char>
    <Char>45</Char>
    <Char>46</Char>
    <Char>47</Char>
    <Char>48</Char>
    <Char>49</Char>
    <Char>50</Char>
    <Char>51</Char>
    <Char>52</Char>
    <Char>53</Char>
    <Char>54</Char>
    <Char>55</Char>
    <Char>56</Char>
    <Char>57</Char>
    <Char>58</Char>
    <Char>59</Char>
    <Char>60</Char>
    <Char>61</Char>
    <Char>62</Char>
    <Char>63</Char>
    <Char>64</Char>
    <Char>65</Char>
    <Char>66</Char>
    <Char>67</Char>
    <Char>68</Char>
    <Char>69</Char>
    <Char>70</Char>
    <Char>71</Char>
    <Char>72</Char>
    <Char>73</Char>
    <Char>74</Char>
    <Char>75</Char>
    <Char>76</Char>
    <Char>77</Char>
    <Char>78</Char>
    <Char>79</Char>
    <Char>80</Char>
    <Char>81</Char>
    <Char>82</Char>
    <Char>83</Char>
    <Char>84</Char>
    <Char>85</Char>
    <Char>86</Char>
    <Char>87</Char>
    <Char>88</Char>
    <Char>89</Char>
    <Char>90</Char>
    <Char>91</Char>
    <Char>92</Char>
    <Char>93</Char>
    <Char>94</Char>
    <Char>95</Char>
    <Char>96</Char>
    <Char>97</Char>
    <Char>98</Char>
    <Char>99</Char>
    <Char>100</Char>
    <Char>101</Char>
    <Char>102</Char>
    <Char>103</Char>
    <Char>104</Char>
    <Char>105</Char>
    <Char>106</Char>
    <Char>107</Char>
    <Char>108</Char>
    <Char>109</Char>
    <Char>110</Char>
    <Char>111</Char>
    <Char>112</Char>
    <Char>113</Char>
    <Char>114</Char>
    <Char>115</Char>
    <Char>116</Char>
    <Char>117</Char>
    <Char>118</Char>
    <Char>119</Char>
    <Char>120</Char>
    <Char>121</Char>
    <Char>122</Char>
    <Char>123</Char>
    <Char>124</Char>
    <Char>125</Char>
    <Char>126</Char>
  </Chars>
</FontConv>